{
  "type": "minecraft:chest",
  "pools": [
    {
      "rolls": 1,
      "bonus_rolls": 0,
      "entries": [
        {
          "type": "minecraft:loot_table",
          "weight": 8,
          "value": "minecraft:chests/trial_chambers/reward_rare"
        },
        {
          "type": "minecraft:loot_table",
          "weight": 2,
          "value": "minecraft:chests/trial_chambers/reward_common"
        }
      ]
    },
    {
      "rolls": {
        "type": "minecraft:uniform",
        "min": 1,
        "max": 3
      },
      "bonus_rolls": 0,
      "entries": [
        {
          "type": "minecraft:loot_table",
          "value": "minecraft:chests/trial_chambers/reward_common"
        }
      ]
    },
    {
      "rolls": 1,
      "bonus_rolls": 0,
      "entries": [
        {
          "type": "minecraft:loot_table",
          "value": "minecraft:chests/trial_chambers/reward_unique"
        }
      ],
      "conditions": [
        {
          "condition": "minecraft:random_chance",
          "chance": 0.25
        }
      ]
    },
    {
      "rolls": 1,
      "entries": [
        {
          "type": "minecraft:loot_table",
          "value": "vpax:chests/trial_chambers/vpax_charm_1"
        }
      ],
      "conditions": [
        {
          "condition": "minecraft:random_chance",
          "chance": 0.05
        }
      ]
    },
    {
      "rolls": 1,
      "entries": [
        {
          "type": "minecraft:loot_table",
          "value": "vpax:chests/trial_chambers/vpax_charm_2"
        }
      ],
      "conditions": [
        {
          "condition": "minecraft:random_chance",
          "chance": 0.03
        }
      ]
    }
  ],
  "random_sequence": "minecraft:chests/trial_chambers/reward"
}
