{
  "pools": [
    {
      "rolls": 1,
      "entries": [
        {
          "type": "minecraft:item",
          "name": "minecraft:poisonous_potato",
          "functions": [
            {
              "function": "minecraft:set_components",
              "components": {
                "minecraft:item_name": "{\"text\":\"Charm of Mining Reach II\"}",
                "minecraft:rarity": "rare",
                "minecraft:custom_model_data": 1450008,
                "!minecraft:food": {},
                "minecraft:attribute_modifiers": {
                  "modifiers": [
                    {
                      "type": "minecraft:player.block_interaction_range",
                      "uuid": [8112,4721,14,9213569376],
                      "name": "vreach",
                      "amount": 2,
                      "operation": "add_value",
                      "slot": "offhand"
                    }
                  ],
                  "show_in_tooltip": true
                }
              }
            }
          ]
        }
      ]
    }
  ],
  "random_sequence": "minecraft:chests/trial_chambers/reward"
}
