{
  "type": "minecraft:crafting_shaped",
  "category": "misc",
  "group": "vstuff",
  "pattern": [
    "DLO",
    "BS ",
    " S "
  ],
  "key": {
    "D": {
      "item": "minecraft:diamond_pickaxe"
    },
    "B": {
      "item": "minecraft:diamond_axe"
    },
    "L": {
      "item": "minecraft:diamond_shovel"
    },
    "O": {
      "item": "minecraft:diamond_hoe"
    },
    "S": {
      "item": "minecraft:stick"
    }
  },
  "result": {
    "id": "minecraft:diamond_hoe",
    "components": {
      "custom_model_data": 1450003,
      "item_name": "{\"text\":\"Diamond Paxel\"}",
      "minecraft:tool": {
        "rules": [
          {
            "blocks": "#minecraft:mineable/pickaxe",
            "speed": 8,
            "correct_for_drops": true
          },
          {
            "blocks": "#minecraft:mineable/shovel",
            "speed": 8,
            "correct_for_drops": false
          },
          {
            "blocks": "#minecraft:mineable/axe",
            "speed": 8,
            "correct_for_drops": false
          },
          {
            "blocks": "#minecraft:mineable/hoe",
            "speed": 8,
            "correct_for_drops": false
          }
        ]
      },
      "minecraft:max_damage": 3000,
      "minecraft:food": {
        "nutrition": 0,
        "saturation": 0,
        "can_always_eat": true,
        "eat_seconds": 2147483647
      }
    }
  }
}
