{
  "type": "minecraft:smithing_transform",
  "category": "misc",
  "template": {
    "item": "minecraft:netherite_upgrade_smithing_template"
  },
  "base": {
    "item": "minecraft:diamond_hoe"
  },
  "addition": {
    "item": "minecraft:netherite_ingot"
  },
  "result": {
    "id": "minecraft:netherite_hoe",
    "components": {
      "custom_model_data": 1450005,
      "item_name": "{\"text\":\"Netherite Paxel\"}",
      "minecraft:tool": {
        "rules": [
          {
            "blocks": "#minecraft:mineable/pickaxe",
            "speed": 9,
            "correct_for_drops": true
          },
          {
            "blocks": "#minecraft:mineable/shovel",
            "speed": 9,
            "correct_for_drops": false
          },
          {
            "blocks": "#minecraft:mineable/axe",
            "speed": 9,
            "correct_for_drops": false
          },
          {
            "blocks": "#minecraft:mineable/hoe",
            "speed": 9,
            "correct_for_drops": false
          }
        ]
      },
      "minecraft:max_damage": 4100
    }
  }
}
